{
  "BEE": [
    0.36197876,
    0.36197876,
    0.36333247,
    0.36333247,
    0.36333247,
    0.36176351,
    0.36176351,
    0.36176351,
    0.36176351,
    0.36176351,
    0.36176351,
    0.38623704,
    0.38623704,
    0.38623704,
    0.38623704,
    0.38589115,
    0.38589115,
    0.38589115,
    0.38589115,
    0.38589115,
    0.38589115,
    0.38849556,
    0.39172353,
    0.39172353,
    0.39172353,
    0.39172341,
    0.39172341,
    0.39172341,
    0.39100064,
    0.39100064
  ],
  "DEC": [
    0.00232788,
    0.00230048,
    0.00230048,
    0.00229903,
    0.00229899,
    0.00230836,
    0.00230943,
    0.00229812,
    0.00231005,
    0.0023039,
    0.00229888,
    0.00287268,
    0.0028728,
    0.0028678,
    0.0028678,
    0.0028678,
    0.00286772,
    0.00287065,
    0.00287196,
    0.00287863,
    0.00287863,
    0.00286616,
    0.00290926,
    0.00290537,
    0.00290644,
    0.00290926,
    0.00290917,
    0.00290917,
    0.00289798,
    0.00289776
  ],
  "SIM": [
    0.00018256,
    0.00018256,
    0.00018256,
    0.00018256,
    0.00018256,
    0.00018256,
    0.00018256,
    0.00018256,
    0.00018256,
    0.00018256,
    0.00018256,
    0.00017695,
    0.00017695,
    0.00017695,
    0.00017695,
    0.00017695,
    0.00017695,
    0.00017695,
    0.00017695,
    0.00017695,
    0.00017695,
    0.00017695,
    0.0001211,
    0.0001211,
    0.0001211,
    0.0001211,
    0.0001211,
    0.0001211,
    0.0001211,
    0.0001211
  ],
  "LEO": [
    0.17021146,
    0.17021146,
    0.17484989,
    0.17484989,
    0.17020032,
    0.17484993,
    0.17484993,
    0.17021,
    0.17021,
    0.17310056,
    0.17310056,
    0.17521121,
    0.17521121,
    0.17539941,
    0.17539941,
    0.17539941,
    0.17539941,
    0.17539941,
    0.17539941,
    0.17539941,
    0.17539941,
    0.17539941,
    0.17540002,
    0.17540002,
    0.17540002,
    0.17540002,
    0.17540002,
    0.17540002,
    0.17540002,
    0.17540002
  ],
  "STARBITS": [
    0.00000852,
    0.00000855,
    0.00000855,
    0.00000855,
    0.00000855,
    0.00000855,
    0.00000855,
    0.00000858,
    0.00000858,
    0.00000859,
    0.00000882,
    0.00000979,
    0.00000979,
    0.00000979,
    0.00000979,
    0.00000979,
    0.00000979,
    0.00000979,
    0.00000979,
    0.00000979,
    0.00000979,
    0.00000979,
    0.00001001,
    0.0000101,
    0.00001015,
    0.00001015,
    0.00001015,
    0.00001063,
    0.00001063,
    0.00001019
  ],
  "PAL": [
    0.00011202,
    0.00011202,
    0.00011202,
    0.00011202,
    0.00011202,
    0.00011202,
    0.00011202,
    0.00011202,
    0.00011202,
    0.00011202,
    0.00013996,
    0.00015996,
    0.00015996,
    0.00015996,
    0.00015996,
    0.00015996,
    0.00015996,
    0.00015996,
    0.00015996,
    0.00015996,
    0.00015996,
    0.00015996,
    0.00015996,
    0.00013511,
    0.00013511,
    0.00013511,
    0.00013511,
    0.00013511,
    0.00013511,
    0.00013511
  ],
  "SPT": [
    0.0003,
    0.0003,
    0.0003,
    0.0003,
    0.0003,
    0.0002939,
    0.0002939,
    0.0002939,
    0.0002939,
    0.0002939,
    0.0002939,
    0.00033336,
    0.00037999,
    0.00037999,
    0.00037999,
    0.00037999,
    0.00037999,
    0.00037999,
    0.00037999,
    0.00033336,
    0.00033336,
    0.00033375,
    0.00033337,
    0.00033337,
    0.00033337,
    0.00033337,
    0.00033337,
    0.00033337,
    0.00033337,
    0.00033337
  ],
  "SPS": [
    0.0680002,
    0.07038083,
    0.0705324,
    0.07037702,
    0.07036702,
    0.07054064,
    0.07068509,
    0.07020986,
    0.07073203,
    0.07045738,
    0.0702,
    0.07596326,
    0.07591018,
    0.07620931,
    0.07620931,
    0.07620931,
    0.07620931,
    0.07620931,
    0.07604517,
    0.0760143,
    0.0760143,
    0.07581995,
    0.07725016,
    0.0766246,
    0.07626067,
    0.07660686,
    0.07660686,
    0.07646189,
    0.07671007,
    0.07670707
  ]
}