{
  "BEE": [
    0.38599153,
    0.38600153,
    0.38600153,
    0.38909735,
    0.38522955,
    0.38832171,
    0.38832171,
    0.38832171,
    0.38832171,
    0.38813471,
    0.38813471,
    0.38521955,
    0.38675511,
    0.38521955,
    0.38521955,
    0.38825571,
    0.38831171,
    0.38831171,
    0.38831171,
    0.38521955,
    0.38521955,
    0.38521955,
    0.38521955,
    0.38521955,
    0.38521955,
    0.38521955,
    0.38521955,
    0.38521955,
    0.38675511,
    0.38675511
  ],
  "DEC": [
    0.00253674,
    0.00251731,
    0.00251731,
    0.00254174,
    0.00251552,
    0.00252399,
    0.00252399,
    0.00252361,
    0.00251362,
    0.00252375,
    0.00252407,
    0.0025129,
    0.00251091,
    0.00250991,
    0.00253861,
    0.00254749,
    0.00253856,
    0.00253856,
    0.00253856,
    0.00253856,
    0.00254801,
    0.00253843,
    0.00255169,
    0.0025359,
    0.00253189,
    0.00256187,
    0.00256204,
    0.00256204,
    0.00251235,
    0.00250342
  ],
  "SIM": [
    0.00017147,
    0.00017806,
    0.00017806,
    0.00017806,
    0.00017806,
    0.00017806,
    0.00017806,
    0.00017806,
    0.00017808,
    0.00017808,
    0.00017808,
    0.00017808,
    0.00017808,
    0.00017808,
    0.00016253,
    0.00016253,
    0.00017809,
    0.00017809,
    0.00017812,
    0.00017812,
    0.00017812,
    0.00017812,
    0.00017812,
    0.00017813,
    0.00017813,
    0.00017813,
    0.00017813,
    0.00017158,
    0.00017158,
    0.00017158
  ],
  "LEO": [
    0.25100847,
    0.25100847,
    0.25100419,
    0.25100419,
    0.25100419,
    0.25100108,
    0.25496261,
    0.25496261,
    0.25002884,
    0.25002884,
    0.25002884,
    0.25002884,
    0.25496333,
    0.25496333,
    0.25001954,
    0.25001954,
    0.25496396,
    0.25496396,
    0.25001109,
    0.25001109,
    0.25496458,
    0.25496458,
    0.25496458,
    0.25347818,
    0.253,
    0.253,
    0.253,
    0.253,
    0.253,
    0.253
  ],
  "STARBITS": [
    0.00000604,
    0.00000604,
    0.00000604,
    0.00000608,
    0.00000608,
    0.00000604,
    0.00000604,
    0.00000604,
    0.00000604,
    0.00000604,
    0.00000604,
    0.00000608,
    0.00000606,
    0.00000606,
    0.00000608,
    0.00000608,
    0.00000606,
    0.00000606,
    0.00000608,
    0.00000608,
    0.00000608,
    0.00000606,
    0.0000061,
    0.0000061,
    0.0000061,
    0.0000061,
    0.00000617,
    0.00000615,
    0.00000616,
    0.0000061
  ],
  "PAL": [
    0.00015999,
    0.00015999,
    0.00015999,
    0.00015999,
    0.00015999,
    0.00015999,
    0.00015999,
    0.00015999,
    0.00015999,
    0.00015999,
    0.00015999,
    0.00015999,
    0.00015999,
    0.00015999,
    0.00015999,
    0.00015999,
    0.00015999,
    0.00015999,
    0.00015999,
    0.00015999,
    0.00015999,
    0.00015999,
    0.00015999,
    0.00015999,
    0.00015999,
    0.00015999,
    0.00015999,
    0.00015999,
    0.00015999,
    0.00015999
  ],
  "SPT": [
    0.00012595,
    0.00012595,
    0.00012595,
    0.00012595,
    0.00012595,
    0.00012595,
    0.00024997,
    0.00012595,
    0.00012595,
    0.00012595,
    0.00012595,
    0.00012595,
    0.00012595,
    0.00012595,
    0.00024997,
    0.00024997,
    0.00024997,
    0.00024997,
    0.00024997,
    0.00024997,
    0.00024997,
    0.00024997,
    0.00012595,
    0.00012595,
    0.00012595,
    0.00012595,
    0.00012595,
    0.00012595,
    0.00024997,
    0.00024997
  ],
  "SPS": [
    0.03440894,
    0.03454404,
    0.03454404,
    0.03433806,
    0.03416718,
    0.03403074,
    0.03410494,
    0.03416721,
    0.03423595,
    0.03423683,
    0.03416922,
    0.03400524,
    0.03407216,
    0.03399641,
    0.03448307,
    0.03448307,
    0.03426932,
    0.03433705,
    0.03448247,
    0.03433705,
    0.0344058,
    0.0345,
    0.03440589,
    0.03449974,
    0.03440578,
    0.03459382,
    0.03447473,
    0.03447473,
    0.03447473,
    0.03441232
  ]
}
