{
  "BEE": [
    0.38623704,
    0.38623704,
    0.38623704,
    0.38623704,
    0.38589115,
    0.38589115,
    0.38589115,
    0.38589115,
    0.38589115,
    0.38589115,
    0.38849556,
    0.39172353,
    0.39172353,
    0.39172353,
    0.39172341,
    0.39172341,
    0.39172341,
    0.39100064,
    0.39100064,
    0.39100064,
    0.39100064,
    0.39083735,
    0.39375865,
    0.39375865,
    0.38937981,
    0.38937981,
    0.38930252,
    0.38930252,
    0.38930252,
    0.38930252
  ],
  "DEC": [
    0.00287268,
    0.0028728,
    0.0028678,
    0.0028678,
    0.0028678,
    0.00286772,
    0.00287065,
    0.00287196,
    0.00287863,
    0.00287863,
    0.00286616,
    0.00290926,
    0.00290537,
    0.00290644,
    0.00290926,
    0.00290917,
    0.00290917,
    0.00289798,
    0.00289776,
    0.00291083,
    0.00291083,
    0.00290953,
    0.00290915,
    0.00290801,
    0.00291426,
    0.002905,
    0.00290414,
    0.00290915,
    0.00290914,
    0.00291906
  ],
  "SIM": [
    0.00017695,
    0.00017695,
    0.00017695,
    0.00017695,
    0.00017695,
    0.00017695,
    0.00017695,
    0.00017695,
    0.00017695,
    0.00017695,
    0.00017695,
    0.0001211,
    0.0001211,
    0.0001211,
    0.0001211,
    0.0001211,
    0.0001211,
    0.0001211,
    0.0001211,
    0.0001211,
    0.0001211,
    0.00017304,
    0.00017304,
    0.00017304,
    0.00017304,
    0.00017304,
    0.00017458,
    0.00017458,
    0.00017458,
    0.00017458
  ],
  "LEO": [
    0.17521121,
    0.17521121,
    0.17539941,
    0.17539941,
    0.17539941,
    0.17539941,
    0.17539941,
    0.17539941,
    0.17539941,
    0.17539941,
    0.17539941,
    0.17540002,
    0.17540002,
    0.17540002,
    0.17540002,
    0.17540002,
    0.17540002,
    0.17540002,
    0.17540002,
    0.17649958,
    0.17649958,
    0.17649958,
    0.1753,
    0.1753,
    0.1753,
    0.1753,
    0.1753,
    0.1753,
    0.1753,
    0.1753
  ],
  "STARBITS": [
    0.00000979,
    0.00000979,
    0.00000979,
    0.00000979,
    0.00000979,
    0.00000979,
    0.00000979,
    0.00000979,
    0.00000979,
    0.00000979,
    0.00000979,
    0.00001001,
    0.0000101,
    0.00001015,
    0.00001015,
    0.00001015,
    0.00001063,
    0.00001063,
    0.00001019,
    0.00001019,
    0.00001062,
    0.00001008,
    0.00001008,
    0.00001006,
    0.00001062,
    0.00001062,
    0.00000991,
    0.00000991,
    0.00000991,
    0.00000991
  ],
  "PAL": [
    0.00015996,
    0.00015996,
    0.00015996,
    0.00015996,
    0.00015996,
    0.00015996,
    0.00015996,
    0.00015996,
    0.00015996,
    0.00015996,
    0.00015996,
    0.00015996,
    0.00013511,
    0.00013511,
    0.00013511,
    0.00013511,
    0.00013511,
    0.00013511,
    0.00013511,
    0.00013511,
    0.00013511,
    0.00013511,
    0.00013511,
    0.00013511,
    0.00013511,
    0.00013511,
    0.00013511,
    0.00013511,
    0.00013511,
    0.00013511
  ],
  "SPT": [
    0.00033336,
    0.00037999,
    0.00037999,
    0.00037999,
    0.00037999,
    0.00037999,
    0.00037999,
    0.00037999,
    0.00033336,
    0.00033336,
    0.00033375,
    0.00033337,
    0.00033337,
    0.00033337,
    0.00033337,
    0.00033337,
    0.00033337,
    0.00033337,
    0.00033337,
    0.00033337,
    0.00033337,
    0.00033337,
    0.00033337,
    0.00033337,
    0.00033337,
    0.00033337,
    0.00033337,
    0.00033336,
    0.00033336,
    0.00033336
  ],
  "SPS": [
    0.07596326,
    0.07591018,
    0.07620931,
    0.07620931,
    0.07620931,
    0.07620931,
    0.07620931,
    0.07604517,
    0.0760143,
    0.0760143,
    0.07581995,
    0.07725016,
    0.0766246,
    0.07626067,
    0.07660686,
    0.07660686,
    0.07646189,
    0.07671007,
    0.07670707,
    0.07666513,
    0.0765933,
    0.07657884,
    0.07678393,
    0.07684991,
    0.07645766,
    0.07617217,
    0.07647649,
    0.07647649,
    0.07638131,
    0.07638131
  ]
}